{
  "createdAt": "2026-05-06T04:32:18.866Z",
  "results": [
    {
      "name": "small",
      "runtimeMs": 11.485041999999993,
      "ops": 1,
      "candidateUpperBound": 64,
      "totalCycles": 34560
    },
    {
      "name": "medium",
      "runtimeMs": 15.638084000000006,
      "ops": 100,
      "candidateUpperBound": 6400,
      "totalCycles": 2847744
    },
    {
      "name": "large",
      "runtimeMs": 116.29120799999998,
      "ops": 1000,
      "candidateUpperBound": 200000,
      "totalCycles": 19588608
    }
  ]
}